target_start_ns,target_duration_ns,target_stream,target_family,target_name,offset,context_start_ns,context_duration_ns,context_stream,context_family,context_name
45029770955,1184,7,copy / cast,[CUDA memcpy Device-to-Device],-2,45029649644,1312,7,elementwise,"void at::native::vectorized_elementwise_kernel<(int)4, at::native::BinaryFunctor<c10::BFloat16, c10::BFloat16, c10::BFloat16, at::native:..."
45029770955,1184,7,copy / cast,[CUDA memcpy Device-to-Device],-1,45029743563,23584,7,GEMM / cuBLAS / CUTLASS,ampere_bf16_s16816gemm_bf16_64x64_ldg8_f2f_stages_64x5_tn
45029770955,1184,7,copy / cast,[CUDA memcpy Device-to-Device],1,45029809579,2752,7,copy / cast,void at::native::unrolled_elementwise_kernel<at::native::direct_copy_kernel_cuda(at::TensorIteratorBase &)::[lambda() (instance 3)]::oper...
45029770955,1184,7,copy / cast,[CUDA memcpy Device-to-Device],2,45029830315,1024,7,elementwise,"void at::native::vectorized_elementwise_kernel<(int)4, at::native::CUDAFunctorOnSelf_add<float>, std::array<char *, (unsigned long)2>>(in..."
45029809579,2752,7,copy / cast,void at::native::unrolled_elementwise_kernel<at::native::direct_copy_kernel_cuda(at::TensorIteratorBase &)::[lambda() (instance 3)]::oper...,-2,45029743563,23584,7,GEMM / cuBLAS / CUTLASS,ampere_bf16_s16816gemm_bf16_64x64_ldg8_f2f_stages_64x5_tn
45029809579,2752,7,copy / cast,void at::native::unrolled_elementwise_kernel<at::native::direct_copy_kernel_cuda(at::TensorIteratorBase &)::[lambda() (instance 3)]::oper...,-1,45029770955,1184,7,copy / cast,[CUDA memcpy Device-to-Device]
45029809579,2752,7,copy / cast,void at::native::unrolled_elementwise_kernel<at::native::direct_copy_kernel_cuda(at::TensorIteratorBase &)::[lambda() (instance 3)]::oper...,1,45029830315,1024,7,elementwise,"void at::native::vectorized_elementwise_kernel<(int)4, at::native::CUDAFunctorOnSelf_add<float>, std::array<char *, (unsigned long)2>>(in..."
45029809579,2752,7,copy / cast,void at::native::unrolled_elementwise_kernel<at::native::direct_copy_kernel_cuda(at::TensorIteratorBase &)::[lambda() (instance 3)]::oper...,2,45029840299,2240,7,elementwise,"void at::native::vectorized_elementwise_kernel<(int)4, at::native::CUDAFunctor_add<c10::BFloat16>, std::array<char *, (unsigned long)3>>(..."
45029864747,2240,7,copy / cast,void at::native::unrolled_elementwise_kernel<at::native::direct_copy_kernel_cuda(at::TensorIteratorBase &)::[lambda() (instance 3)]::oper...,-2,45029830315,1024,7,elementwise,"void at::native::vectorized_elementwise_kernel<(int)4, at::native::CUDAFunctorOnSelf_add<float>, std::array<char *, (unsigned long)2>>(in..."
45029864747,2240,7,copy / cast,void at::native::unrolled_elementwise_kernel<at::native::direct_copy_kernel_cuda(at::TensorIteratorBase &)::[lambda() (instance 3)]::oper...,-1,45029840299,2240,7,elementwise,"void at::native::vectorized_elementwise_kernel<(int)4, at::native::CUDAFunctor_add<c10::BFloat16>, std::array<char *, (unsigned long)3>>(..."
45029864747,2240,7,copy / cast,void at::native::unrolled_elementwise_kernel<at::native::direct_copy_kernel_cuda(at::TensorIteratorBase &)::[lambda() (instance 3)]::oper...,1,45029881067,1344,7,norm / reduce,"void at::native::vectorized_elementwise_kernel<(int)4, void at::native::<unnamed>::pow_tensor_scalar_kernel_impl<float, float>(at::Tensor..."
45029864747,2240,7,copy / cast,void at::native::unrolled_elementwise_kernel<at::native::direct_copy_kernel_cuda(at::TensorIteratorBase &)::[lambda() (instance 3)]::oper...,2,45029900171,4448,7,norm / reduce,"void at::native::reduce_kernel<(int)512, (int)1, at::native::ReduceOp<float, at::native::MeanOps<float, float, float, float>, unsigned in..."
45029943627,1312,7,copy / cast,"void at::native::vectorized_elementwise_kernel<(int)4, at::native::bfloat16_copy_kernel_cuda(at::TensorIteratorBase &)::[lambda(float) (i...",-2,45029928267,1920,7,other,"void at::native::elementwise_kernel<(int)128, (int)2, void at::native::gpu_kernel_impl_nocast<at::native::BinaryFunctor<float, float, flo..."
45029943627,1312,7,copy / cast,"void at::native::vectorized_elementwise_kernel<(int)4, at::native::bfloat16_copy_kernel_cuda(at::TensorIteratorBase &)::[lambda(float) (i...",-1,45029935755,1984,7,other,"void at::native::elementwise_kernel<(int)128, (int)2, void at::native::gpu_kernel_impl_nocast<at::native::BinaryFunctor<float, float, flo..."
45029943627,1312,7,copy / cast,"void at::native::vectorized_elementwise_kernel<(int)4, at::native::bfloat16_copy_kernel_cuda(at::TensorIteratorBase &)::[lambda(float) (i...",1,45029982091,165247,7,GEMM / cuBLAS / CUTLASS,ampere_bf16_s16816gemm_bf16_128x64_ldg8_f2f_stages_32x6_tn
45029943627,1312,7,copy / cast,"void at::native::vectorized_elementwise_kernel<(int)4, at::native::bfloat16_copy_kernel_cuda(at::TensorIteratorBase &)::[lambda(float) (i...",2,45030147946,2752,7,activation / SwiGLU,"void vllm::act_and_mul_kernel<c10::BFloat16, __nv_bfloat162, &vllm::silu_kernel<c10::BFloat16>, &vllm::packed_silu_kernel<__nv_bfloat162>..."
45030219146,2592,7,copy / cast,void at::native::unrolled_elementwise_kernel<at::native::direct_copy_kernel_cuda(at::TensorIteratorBase &)::[lambda() (instance 3)]::oper...,-2,45030147946,2752,7,activation / SwiGLU,"void vllm::act_and_mul_kernel<c10::BFloat16, __nv_bfloat162, &vllm::silu_kernel<c10::BFloat16>, &vllm::packed_silu_kernel<__nv_bfloat162>..."
45030219146,2592,7,copy / cast,void at::native::unrolled_elementwise_kernel<at::native::direct_copy_kernel_cuda(at::TensorIteratorBase &)::[lambda() (instance 3)]::oper...,-1,45030151274,67264,7,GEMM / cuBLAS / CUTLASS,ampere_bf16_s16816gemm_bf16_64x64_ldg8_f2f_stages_64x5_tn
45030219146,2592,7,copy / cast,void at::native::unrolled_elementwise_kernel<at::native::direct_copy_kernel_cuda(at::TensorIteratorBase &)::[lambda() (instance 3)]::oper...,1,45030222282,1024,7,elementwise,"void at::native::vectorized_elementwise_kernel<(int)4, at::native::CUDAFunctorOnSelf_add<float>, std::array<char *, (unsigned long)2>>(in..."
45030219146,2592,7,copy / cast,void at::native::unrolled_elementwise_kernel<at::native::direct_copy_kernel_cuda(at::TensorIteratorBase &)::[lambda() (instance 3)]::oper...,2,45030223850,1664,7,elementwise,"void at::native::vectorized_elementwise_kernel<(int)4, at::native::CUDAFunctor_add<c10::BFloat16>, std::array<char *, (unsigned long)3>>(..."
45030226154,2016,7,copy / cast,void at::native::unrolled_elementwise_kernel<at::native::direct_copy_kernel_cuda(at::TensorIteratorBase &)::[lambda() (instance 3)]::oper...,-2,45030222282,1024,7,elementwise,"void at::native::vectorized_elementwise_kernel<(int)4, at::native::CUDAFunctorOnSelf_add<float>, std::array<char *, (unsigned long)2>>(in..."
45030226154,2016,7,copy / cast,void at::native::unrolled_elementwise_kernel<at::native::direct_copy_kernel_cuda(at::TensorIteratorBase &)::[lambda() (instance 3)]::oper...,-1,45030223850,1664,7,elementwise,"void at::native::vectorized_elementwise_kernel<(int)4, at::native::CUDAFunctor_add<c10::BFloat16>, std::array<char *, (unsigned long)3>>(..."
45030226154,2016,7,copy / cast,void at::native::unrolled_elementwise_kernel<at::native::direct_copy_kernel_cuda(at::TensorIteratorBase &)::[lambda() (instance 3)]::oper...,1,45030228714,1280,7,norm / reduce,"void at::native::vectorized_elementwise_kernel<(int)4, void at::native::<unnamed>::pow_tensor_scalar_kernel_impl<float, float>(at::Tensor..."
45030226154,2016,7,copy / cast,void at::native::unrolled_elementwise_kernel<at::native::direct_copy_kernel_cuda(at::TensorIteratorBase &)::[lambda() (instance 3)]::oper...,2,45030230570,4352,7,norm / reduce,"void at::native::reduce_kernel<(int)512, (int)1, at::native::ReduceOp<float, at::native::MeanOps<float, float, float, float>, unsigned in..."
45030244042,1280,7,copy / cast,"void at::native::vectorized_elementwise_kernel<(int)4, at::native::bfloat16_copy_kernel_cuda(at::TensorIteratorBase &)::[lambda(float) (i...",-2,45030239018,1984,7,other,"void at::native::elementwise_kernel<(int)128, (int)2, void at::native::gpu_kernel_impl_nocast<at::native::BinaryFunctor<float, float, flo..."
45030244042,1280,7,copy / cast,"void at::native::vectorized_elementwise_kernel<(int)4, at::native::bfloat16_copy_kernel_cuda(at::TensorIteratorBase &)::[lambda(float) (i...",-1,45030241578,1888,7,other,"void at::native::elementwise_kernel<(int)128, (int)2, void at::native::gpu_kernel_impl_nocast<at::native::BinaryFunctor<float, float, flo..."
45030244042,1280,7,copy / cast,"void at::native::vectorized_elementwise_kernel<(int)4, at::native::bfloat16_copy_kernel_cuda(at::TensorIteratorBase &)::[lambda(float) (i...",1,45030245866,88544,7,GEMM / cuBLAS / CUTLASS,ampere_bf16_s16816gemm_bf16_128x64_ldg8_f2f_stages_32x6_tn
45030244042,1280,7,copy / cast,"void at::native::vectorized_elementwise_kernel<(int)4, at::native::bfloat16_copy_kernel_cuda(at::TensorIteratorBase &)::[lambda(float) (i...",2,45030335050,2592,7,GEMM / cuBLAS / CUTLASS,void cutlass::Kernel2<cutlass_80_wmma_tensorop_bf16_s161616gemm_bf16_32x32_128x2_tn_align8>(T1::Params)
45030340202,1984,7,copy / cast,"void at::native::elementwise_kernel<(int)128, (int)4, void at::native::gpu_kernel_impl_nocast<at::native::direct_copy_kernel_cuda(at::Ten...",-2,45030335050,2592,7,GEMM / cuBLAS / CUTLASS,void cutlass::Kernel2<cutlass_80_wmma_tensorop_bf16_s161616gemm_bf16_32x32_128x2_tn_align8>(T1::Params)
45030340202,1984,7,copy / cast,"void at::native::elementwise_kernel<(int)128, (int)4, void at::native::gpu_kernel_impl_nocast<at::native::direct_copy_kernel_cuda(at::Ten...",-1,45030338218,1408,7,GEMM / cuBLAS / CUTLASS,"void cublasLt::splitKreduce_kernel<(int)32, (int)16, int, __nv_bfloat16, __nv_bfloat16, float, __nv_bfloat16, (bool)0, __nv_bfloat16, __n..."
45030340202,1984,7,copy / cast,"void at::native::elementwise_kernel<(int)128, (int)4, void at::native::gpu_kernel_impl_nocast<at::native::direct_copy_kernel_cuda(at::Ten...",1,45030342794,1728,7,copy / cast,"void at::native::elementwise_kernel<(int)128, (int)4, void at::native::gpu_kernel_impl_nocast<at::native::direct_copy_kernel_cuda(at::Ten..."
45030340202,1984,7,copy / cast,"void at::native::elementwise_kernel<(int)128, (int)4, void at::native::gpu_kernel_impl_nocast<at::native::direct_copy_kernel_cuda(at::Ten...",2,45030345066,960,7,fill,"void at::native::vectorized_elementwise_kernel<(int)4, at::native::FillFunctor<c10::BFloat16>, std::array<char *, (unsigned long)1>>(int,..."
45030342794,1728,7,copy / cast,"void at::native::elementwise_kernel<(int)128, (int)4, void at::native::gpu_kernel_impl_nocast<at::native::direct_copy_kernel_cuda(at::Ten...",-2,45030338218,1408,7,GEMM / cuBLAS / CUTLASS,"void cublasLt::splitKreduce_kernel<(int)32, (int)16, int, __nv_bfloat16, __nv_bfloat16, float, __nv_bfloat16, (bool)0, __nv_bfloat16, __n..."
45030342794,1728,7,copy / cast,"void at::native::elementwise_kernel<(int)128, (int)4, void at::native::gpu_kernel_impl_nocast<at::native::direct_copy_kernel_cuda(at::Ten...",-1,45030340202,1984,7,copy / cast,"void at::native::elementwise_kernel<(int)128, (int)4, void at::native::gpu_kernel_impl_nocast<at::native::direct_copy_kernel_cuda(at::Ten..."
45030342794,1728,7,copy / cast,"void at::native::elementwise_kernel<(int)128, (int)4, void at::native::gpu_kernel_impl_nocast<at::native::direct_copy_kernel_cuda(at::Ten...",1,45030345066,960,7,fill,"void at::native::vectorized_elementwise_kernel<(int)4, at::native::FillFunctor<c10::BFloat16>, std::array<char *, (unsigned long)1>>(int,..."
45030342794,1728,7,copy / cast,"void at::native::elementwise_kernel<(int)128, (int)4, void at::native::gpu_kernel_impl_nocast<at::native::direct_copy_kernel_cuda(at::Ten...",2,45030402922,4224,7,other,_causal_conv1d_fwd_kernel
45030495850,1408,7,copy / cast,void at::native::unrolled_elementwise_kernel<at::native::direct_copy_kernel_cuda(at::TensorIteratorBase &)::[lambda() (instance 3)]::oper...,-2,45030402922,4224,7,other,_causal_conv1d_fwd_kernel
45030495850,1408,7,copy / cast,void at::native::unrolled_elementwise_kernel<at::native::direct_copy_kernel_cuda(at::TensorIteratorBase &)::[lambda() (instance 3)]::oper...,-1,45030469674,2080,7,other,_fused_post_conv_kernel
45030495850,1408,7,copy / cast,void at::native::unrolled_elementwise_kernel<at::native::direct_copy_kernel_cuda(at::TensorIteratorBase &)::[lambda() (instance 3)]::oper...,1,45030514633,4928,7,other,"void at::native::index_elementwise_kernel<(int)128, (int)4, void at::native::gpu_index_kernel<void at::native::index_kernel_impl<at::nati..."
45030495850,1408,7,copy / cast,void at::native::unrolled_elementwise_kernel<at::native::direct_copy_kernel_cuda(at::TensorIteratorBase &)::[lambda() (instance 3)]::oper...,2,45030526089,1120,7,elementwise,"void at::native::vectorized_elementwise_kernel<(int)4, at::native::bitwise_not_kernel_cuda(at::TensorIteratorBase &)::[lambda(bool) (inst..."
45030953736,1248,7,copy / cast,void at::native::unrolled_elementwise_kernel<at::native::direct_copy_kernel_cuda(at::TensorIteratorBase &)::[lambda() (instance 3)]::oper...,-2,45030872105,5792,7,Qwen hybrid / state-space,chunk_gated_delta_rule_fwd_kernel_h_blockdim64
45030953736,1248,7,copy / cast,void at::native::unrolled_elementwise_kernel<at::native::direct_copy_kernel_cuda(at::TensorIteratorBase &)::[lambda() (instance 3)]::oper...,-1,45030914376,5472,7,Qwen hybrid / state-space,chunk_fwd_kernel_o
45030953736,1248,7,copy / cast,void at::native::unrolled_elementwise_kernel<at::native::direct_copy_kernel_cuda(at::TensorIteratorBase &)::[lambda() (instance 3)]::oper...,1,45030962984,4192,7,other,"void at::native::index_elementwise_kernel<(int)128, (int)4, void at::native::gpu_index_kernel<void at::native::index_put_kernel_impl<at::..."
45030953736,1248,7,copy / cast,void at::native::unrolled_elementwise_kernel<at::native::direct_copy_kernel_cuda(at::TensorIteratorBase &)::[lambda() (instance 3)]::oper...,2,45030980008,1184,7,copy / cast,[CUDA memcpy Device-to-Device]
45030980008,1184,7,copy / cast,[CUDA memcpy Device-to-Device],-2,45030953736,1248,7,copy / cast,void at::native::unrolled_elementwise_kernel<at::native::direct_copy_kernel_cuda(at::TensorIteratorBase &)::[lambda() (instance 3)]::oper...
45030980008,1184,7,copy / cast,[CUDA memcpy Device-to-Device],-1,45030962984,4192,7,other,"void at::native::index_elementwise_kernel<(int)128, (int)4, void at::native::gpu_index_kernel<void at::native::index_put_kernel_impl<at::..."
45030980008,1184,7,copy / cast,[CUDA memcpy Device-to-Device],1,45031004264,1984,7,copy / cast,"void at::native::elementwise_kernel<(int)128, (int)4, void at::native::gpu_kernel_impl_nocast<at::native::direct_copy_kernel_cuda(at::Ten..."
45030980008,1184,7,copy / cast,[CUDA memcpy Device-to-Device],2,45031070280,1888,7,norm / reduce,layer_norm_fwd_kernel
45031004264,1984,7,copy / cast,"void at::native::elementwise_kernel<(int)128, (int)4, void at::native::gpu_kernel_impl_nocast<at::native::direct_copy_kernel_cuda(at::Ten...",-2,45030962984,4192,7,other,"void at::native::index_elementwise_kernel<(int)128, (int)4, void at::native::gpu_index_kernel<void at::native::index_put_kernel_impl<at::..."
45031004264,1984,7,copy / cast,"void at::native::elementwise_kernel<(int)128, (int)4, void at::native::gpu_kernel_impl_nocast<at::native::direct_copy_kernel_cuda(at::Ten...",-1,45030980008,1184,7,copy / cast,[CUDA memcpy Device-to-Device]
45031004264,1984,7,copy / cast,"void at::native::elementwise_kernel<(int)128, (int)4, void at::native::gpu_kernel_impl_nocast<at::native::direct_copy_kernel_cuda(at::Ten...",1,45031070280,1888,7,norm / reduce,layer_norm_fwd_kernel
45031004264,1984,7,copy / cast,"void at::native::elementwise_kernel<(int)128, (int)4, void at::native::gpu_kernel_impl_nocast<at::native::direct_copy_kernel_cuda(at::Ten...",2,45031129096,22112,7,GEMM / cuBLAS / CUTLASS,ampere_bf16_s16816gemm_bf16_64x64_ldg8_f2f_stages_64x5_tn
45031151752,1152,7,copy / cast,[CUDA memcpy Device-to-Device],-2,45031070280,1888,7,norm / reduce,layer_norm_fwd_kernel
45031151752,1152,7,copy / cast,[CUDA memcpy Device-to-Device],-1,45031129096,22112,7,GEMM / cuBLAS / CUTLASS,ampere_bf16_s16816gemm_bf16_64x64_ldg8_f2f_stages_64x5_tn
45031151752,1152,7,copy / cast,[CUDA memcpy Device-to-Device],1,45031164264,2784,7,copy / cast,void at::native::unrolled_elementwise_kernel<at::native::direct_copy_kernel_cuda(at::TensorIteratorBase &)::[lambda() (instance 3)]::oper...
45031151752,1152,7,copy / cast,[CUDA memcpy Device-to-Device],2,45031176392,1024,7,elementwise,"void at::native::vectorized_elementwise_kernel<(int)4, at::native::CUDAFunctorOnSelf_add<float>, std::array<char *, (unsigned long)2>>(in..."
45031164264,2784,7,copy / cast,void at::native::unrolled_elementwise_kernel<at::native::direct_copy_kernel_cuda(at::TensorIteratorBase &)::[lambda() (instance 3)]::oper...,-2,45031129096,22112,7,GEMM / cuBLAS / CUTLASS,ampere_bf16_s16816gemm_bf16_64x64_ldg8_f2f_stages_64x5_tn
45031164264,2784,7,copy / cast,void at::native::unrolled_elementwise_kernel<at::native::direct_copy_kernel_cuda(at::TensorIteratorBase &)::[lambda() (instance 3)]::oper...,-1,45031151752,1152,7,copy / cast,[CUDA memcpy Device-to-Device]
45031164264,2784,7,copy / cast,void at::native::unrolled_elementwise_kernel<at::native::direct_copy_kernel_cuda(at::TensorIteratorBase &)::[lambda() (instance 3)]::oper...,1,45031176392,1024,7,elementwise,"void at::native::vectorized_elementwise_kernel<(int)4, at::native::CUDAFunctorOnSelf_add<float>, std::array<char *, (unsigned long)2>>(in..."
45031164264,2784,7,copy / cast,void at::native::unrolled_elementwise_kernel<at::native::direct_copy_kernel_cuda(at::TensorIteratorBase &)::[lambda() (instance 3)]::oper...,2,45031185352,1600,7,elementwise,"void at::native::vectorized_elementwise_kernel<(int)4, at::native::CUDAFunctor_add<c10::BFloat16>, std::array<char *, (unsigned long)3>>(..."
45031204776,2240,7,copy / cast,void at::native::unrolled_elementwise_kernel<at::native::direct_copy_kernel_cuda(at::TensorIteratorBase &)::[lambda() (instance 3)]::oper...,-2,45031176392,1024,7,elementwise,"void at::native::vectorized_elementwise_kernel<(int)4, at::native::CUDAFunctorOnSelf_add<float>, std::array<char *, (unsigned long)2>>(in..."
45031204776,2240,7,copy / cast,void at::native::unrolled_elementwise_kernel<at::native::direct_copy_kernel_cuda(at::TensorIteratorBase &)::[lambda() (instance 3)]::oper...,-1,45031185352,1600,7,elementwise,"void at::native::vectorized_elementwise_kernel<(int)4, at::native::CUDAFunctor_add<c10::BFloat16>, std::array<char *, (unsigned long)3>>(..."
45031204776,2240,7,copy / cast,void at::native::unrolled_elementwise_kernel<at::native::direct_copy_kernel_cuda(at::TensorIteratorBase &)::[lambda() (instance 3)]::oper...,1,45031214600,1344,7,norm / reduce,"void at::native::vectorized_elementwise_kernel<(int)4, void at::native::<unnamed>::pow_tensor_scalar_kernel_impl<float, float>(at::Tensor..."
45031204776,2240,7,copy / cast,void at::native::unrolled_elementwise_kernel<at::native::direct_copy_kernel_cuda(at::TensorIteratorBase &)::[lambda() (instance 3)]::oper...,2,45031228520,4448,7,norm / reduce,"void at::native::reduce_kernel<(int)512, (int)1, at::native::ReduceOp<float, at::native::MeanOps<float, float, float, float>, unsigned in..."
45031268936,1280,7,copy / cast,"void at::native::vectorized_elementwise_kernel<(int)4, at::native::bfloat16_copy_kernel_cuda(at::TensorIteratorBase &)::[lambda(float) (i...",-2,45031254088,1920,7,other,"void at::native::elementwise_kernel<(int)128, (int)2, void at::native::gpu_kernel_impl_nocast<at::native::BinaryFunctor<float, float, flo..."
45031268936,1280,7,copy / cast,"void at::native::vectorized_elementwise_kernel<(int)4, at::native::bfloat16_copy_kernel_cuda(at::TensorIteratorBase &)::[lambda(float) (i...",-1,45031261384,1952,7,other,"void at::native::elementwise_kernel<(int)128, (int)2, void at::native::gpu_kernel_impl_nocast<at::native::BinaryFunctor<float, float, flo..."
45031268936,1280,7,copy / cast,"void at::native::vectorized_elementwise_kernel<(int)4, at::native::bfloat16_copy_kernel_cuda(at::TensorIteratorBase &)::[lambda(float) (i...",1,45031303240,147327,7,GEMM / cuBLAS / CUTLASS,ampere_bf16_s16816gemm_bf16_128x64_ldg8_f2f_stages_32x6_tn
45031268936,1280,7,copy / cast,"void at::native::vectorized_elementwise_kernel<(int)4, at::native::bfloat16_copy_kernel_cuda(at::TensorIteratorBase &)::[lambda(float) (i...",2,45031451111,2880,7,activation / SwiGLU,"void vllm::act_and_mul_kernel<c10::BFloat16, __nv_bfloat162, &vllm::silu_kernel<c10::BFloat16>, &vllm::packed_silu_kernel<__nv_bfloat162>..."
45031518919,2560,7,copy / cast,void at::native::unrolled_elementwise_kernel<at::native::direct_copy_kernel_cuda(at::TensorIteratorBase &)::[lambda() (instance 3)]::oper...,-2,45031451111,2880,7,activation / SwiGLU,"void vllm::act_and_mul_kernel<c10::BFloat16, __nv_bfloat162, &vllm::silu_kernel<c10::BFloat16>, &vllm::packed_silu_kernel<__nv_bfloat162>..."
45031518919,2560,7,copy / cast,void at::native::unrolled_elementwise_kernel<at::native::direct_copy_kernel_cuda(at::TensorIteratorBase &)::[lambda() (instance 3)]::oper...,-1,45031454503,63840,7,GEMM / cuBLAS / CUTLASS,ampere_bf16_s16816gemm_bf16_64x64_ldg8_f2f_stages_64x5_tn
45031518919,2560,7,copy / cast,void at::native::unrolled_elementwise_kernel<at::native::direct_copy_kernel_cuda(at::TensorIteratorBase &)::[lambda() (instance 3)]::oper...,1,45031522055,1024,7,elementwise,"void at::native::vectorized_elementwise_kernel<(int)4, at::native::CUDAFunctorOnSelf_add<float>, std::array<char *, (unsigned long)2>>(in..."
45031518919,2560,7,copy / cast,void at::native::unrolled_elementwise_kernel<at::native::direct_copy_kernel_cuda(at::TensorIteratorBase &)::[lambda() (instance 3)]::oper...,2,45031523719,1600,7,elementwise,"void at::native::vectorized_elementwise_kernel<(int)4, at::native::CUDAFunctor_add<c10::BFloat16>, std::array<char *, (unsigned long)3>>(..."
45031525895,2016,7,copy / cast,void at::native::unrolled_elementwise_kernel<at::native::direct_copy_kernel_cuda(at::TensorIteratorBase &)::[lambda() (instance 3)]::oper...,-2,45031522055,1024,7,elementwise,"void at::native::vectorized_elementwise_kernel<(int)4, at::native::CUDAFunctorOnSelf_add<float>, std::array<char *, (unsigned long)2>>(in..."
45031525895,2016,7,copy / cast,void at::native::unrolled_elementwise_kernel<at::native::direct_copy_kernel_cuda(at::TensorIteratorBase &)::[lambda() (instance 3)]::oper...,-1,45031523719,1600,7,elementwise,"void at::native::vectorized_elementwise_kernel<(int)4, at::native::CUDAFunctor_add<c10::BFloat16>, std::array<char *, (unsigned long)3>>(..."
45031525895,2016,7,copy / cast,void at::native::unrolled_elementwise_kernel<at::native::direct_copy_kernel_cuda(at::TensorIteratorBase &)::[lambda() (instance 3)]::oper...,1,45031528775,1312,7,norm / reduce,"void at::native::vectorized_elementwise_kernel<(int)4, void at::native::<unnamed>::pow_tensor_scalar_kernel_impl<float, float>(at::Tensor..."
45031525895,2016,7,copy / cast,void at::native::unrolled_elementwise_kernel<at::native::direct_copy_kernel_cuda(at::TensorIteratorBase &)::[lambda() (instance 3)]::oper...,2,45031530631,4320,7,norm / reduce,"void at::native::reduce_kernel<(int)512, (int)1, at::native::ReduceOp<float, at::native::MeanOps<float, float, float, float>, unsigned in..."
45031544295,1280,7,copy / cast,"void at::native::vectorized_elementwise_kernel<(int)4, at::native::bfloat16_copy_kernel_cuda(at::TensorIteratorBase &)::[lambda(float) (i...",-2,45031539143,1984,7,other,"void at::native::elementwise_kernel<(int)128, (int)2, void at::native::gpu_kernel_impl_nocast<at::native::BinaryFunctor<float, float, flo..."
45031544295,1280,7,copy / cast,"void at::native::vectorized_elementwise_kernel<(int)4, at::native::bfloat16_copy_kernel_cuda(at::TensorIteratorBase &)::[lambda(float) (i...",-1,45031541735,1952,7,other,"void at::native::elementwise_kernel<(int)128, (int)2, void at::native::gpu_kernel_impl_nocast<at::native::BinaryFunctor<float, float, flo..."
45031544295,1280,7,copy / cast,"void at::native::vectorized_elementwise_kernel<(int)4, at::native::bfloat16_copy_kernel_cuda(at::TensorIteratorBase &)::[lambda(float) (i...",1,45031546151,89824,7,GEMM / cuBLAS / CUTLASS,ampere_bf16_s16816gemm_bf16_128x64_ldg8_f2f_stages_32x6_tn
45031544295,1280,7,copy / cast,"void at::native::vectorized_elementwise_kernel<(int)4, at::native::bfloat16_copy_kernel_cuda(at::TensorIteratorBase &)::[lambda(float) (i...",2,45031636583,2720,7,GEMM / cuBLAS / CUTLASS,void cutlass::Kernel2<cutlass_80_wmma_tensorop_bf16_s161616gemm_bf16_32x32_128x2_tn_align8>(T1::Params)
45031641863,1856,7,copy / cast,"void at::native::elementwise_kernel<(int)128, (int)4, void at::native::gpu_kernel_impl_nocast<at::native::direct_copy_kernel_cuda(at::Ten...",-2,45031636583,2720,7,GEMM / cuBLAS / CUTLASS,void cutlass::Kernel2<cutlass_80_wmma_tensorop_bf16_s161616gemm_bf16_32x32_128x2_tn_align8>(T1::Params)
45031641863,1856,7,copy / cast,"void at::native::elementwise_kernel<(int)128, (int)4, void at::native::gpu_kernel_impl_nocast<at::native::direct_copy_kernel_cuda(at::Ten...",-1,45031639911,1408,7,GEMM / cuBLAS / CUTLASS,"void cublasLt::splitKreduce_kernel<(int)32, (int)16, int, __nv_bfloat16, __nv_bfloat16, float, __nv_bfloat16, (bool)0, __nv_bfloat16, __n..."
45031641863,1856,7,copy / cast,"void at::native::elementwise_kernel<(int)128, (int)4, void at::native::gpu_kernel_impl_nocast<at::native::direct_copy_kernel_cuda(at::Ten...",1,45031644295,1664,7,copy / cast,"void at::native::elementwise_kernel<(int)128, (int)4, void at::native::gpu_kernel_impl_nocast<at::native::direct_copy_kernel_cuda(at::Ten..."
45031641863,1856,7,copy / cast,"void at::native::elementwise_kernel<(int)128, (int)4, void at::native::gpu_kernel_impl_nocast<at::native::direct_copy_kernel_cuda(at::Ten...",2,45031646503,960,7,fill,"void at::native::vectorized_elementwise_kernel<(int)4, at::native::FillFunctor<c10::BFloat16>, std::array<char *, (unsigned long)1>>(int,..."
45031644295,1664,7,copy / cast,"void at::native::elementwise_kernel<(int)128, (int)4, void at::native::gpu_kernel_impl_nocast<at::native::direct_copy_kernel_cuda(at::Ten...",-2,45031639911,1408,7,GEMM / cuBLAS / CUTLASS,"void cublasLt::splitKreduce_kernel<(int)32, (int)16, int, __nv_bfloat16, __nv_bfloat16, float, __nv_bfloat16, (bool)0, __nv_bfloat16, __n..."
45031644295,1664,7,copy / cast,"void at::native::elementwise_kernel<(int)128, (int)4, void at::native::gpu_kernel_impl_nocast<at::native::direct_copy_kernel_cuda(at::Ten...",-1,45031641863,1856,7,copy / cast,"void at::native::elementwise_kernel<(int)128, (int)4, void at::native::gpu_kernel_impl_nocast<at::native::direct_copy_kernel_cuda(at::Ten..."
45031644295,1664,7,copy / cast,"void at::native::elementwise_kernel<(int)128, (int)4, void at::native::gpu_kernel_impl_nocast<at::native::direct_copy_kernel_cuda(at::Ten...",1,45031646503,960,7,fill,"void at::native::vectorized_elementwise_kernel<(int)4, at::native::FillFunctor<c10::BFloat16>, std::array<char *, (unsigned long)1>>(int,..."
45031644295,1664,7,copy / cast,"void at::native::elementwise_kernel<(int)128, (int)4, void at::native::gpu_kernel_impl_nocast<at::native::direct_copy_kernel_cuda(at::Ten...",2,45031648071,4032,7,other,_causal_conv1d_fwd_kernel
45031788742,1408,7,copy / cast,void at::native::unrolled_elementwise_kernel<at::native::direct_copy_kernel_cuda(at::TensorIteratorBase &)::[lambda() (instance 3)]::oper...,-2,45031648071,4032,7,other,_causal_conv1d_fwd_kernel
45031788742,1408,7,copy / cast,void at::native::unrolled_elementwise_kernel<at::native::direct_copy_kernel_cuda(at::TensorIteratorBase &)::[lambda() (instance 3)]::oper...,-1,45031786150,2016,7,other,_fused_post_conv_kernel
45031788742,1408,7,copy / cast,void at::native::unrolled_elementwise_kernel<at::native::direct_copy_kernel_cuda(at::TensorIteratorBase &)::[lambda() (instance 3)]::oper...,1,45031790694,5280,7,other,"void at::native::index_elementwise_kernel<(int)128, (int)4, void at::native::gpu_index_kernel<void at::native::index_kernel_impl<at::nati..."
45031788742,1408,7,copy / cast,void at::native::unrolled_elementwise_kernel<at::native::direct_copy_kernel_cuda(at::TensorIteratorBase &)::[lambda() (instance 3)]::oper...,2,45031796550,1120,7,elementwise,"void at::native::vectorized_elementwise_kernel<(int)4, at::native::bitwise_not_kernel_cuda(at::TensorIteratorBase &)::[lambda(bool) (inst..."
45032074918,1216,7,copy / cast,void at::native::unrolled_elementwise_kernel<at::native::direct_copy_kernel_cuda(at::TensorIteratorBase &)::[lambda() (instance 3)]::oper...,-2,45032005478,5792,7,Qwen hybrid / state-space,chunk_gated_delta_rule_fwd_kernel_h_blockdim64
45032074918,1216,7,copy / cast,void at::native::unrolled_elementwise_kernel<at::native::direct_copy_kernel_cuda(at::TensorIteratorBase &)::[lambda() (instance 3)]::oper...,-1,45032044422,5440,7,Qwen hybrid / state-space,chunk_fwd_kernel_o
45032074918,1216,7,copy / cast,void at::native::unrolled_elementwise_kernel<at::native::direct_copy_kernel_cuda(at::TensorIteratorBase &)::[lambda() (instance 3)]::oper...,1,45032083686,4160,7,other,"void at::native::index_elementwise_kernel<(int)128, (int)4, void at::native::gpu_index_kernel<void at::native::index_put_kernel_impl<at::..."
45032074918,1216,7,copy / cast,void at::native::unrolled_elementwise_kernel<at::native::direct_copy_kernel_cuda(at::TensorIteratorBase &)::[lambda() (instance 3)]::oper...,2,45032097126,1152,7,copy / cast,[CUDA memcpy Device-to-Device]
45032097126,1152,7,copy / cast,[CUDA memcpy Device-to-Device],-2,45032074918,1216,7,copy / cast,void at::native::unrolled_elementwise_kernel<at::native::direct_copy_kernel_cuda(at::TensorIteratorBase &)::[lambda() (instance 3)]::oper...
45032097126,1152,7,copy / cast,[CUDA memcpy Device-to-Device],-1,45032083686,4160,7,other,"void at::native::index_elementwise_kernel<(int)128, (int)4, void at::native::gpu_index_kernel<void at::native::index_put_kernel_impl<at::..."
45032097126,1152,7,copy / cast,[CUDA memcpy Device-to-Device],1,45032116997,1984,7,copy / cast,"void at::native::elementwise_kernel<(int)128, (int)4, void at::native::gpu_kernel_impl_nocast<at::native::direct_copy_kernel_cuda(at::Ten..."
45032097126,1152,7,copy / cast,[CUDA memcpy Device-to-Device],2,45032173477,1888,7,norm / reduce,layer_norm_fwd_kernel
45032116997,1984,7,copy / cast,"void at::native::elementwise_kernel<(int)128, (int)4, void at::native::gpu_kernel_impl_nocast<at::native::direct_copy_kernel_cuda(at::Ten...",-2,45032083686,4160,7,other,"void at::native::index_elementwise_kernel<(int)128, (int)4, void at::native::gpu_index_kernel<void at::native::index_put_kernel_impl<at::..."
45032116997,1984,7,copy / cast,"void at::native::elementwise_kernel<(int)128, (int)4, void at::native::gpu_kernel_impl_nocast<at::native::direct_copy_kernel_cuda(at::Ten...",-1,45032097126,1152,7,copy / cast,[CUDA memcpy Device-to-Device]
45032116997,1984,7,copy / cast,"void at::native::elementwise_kernel<(int)128, (int)4, void at::native::gpu_kernel_impl_nocast<at::native::direct_copy_kernel_cuda(at::Ten...",1,45032173477,1888,7,norm / reduce,layer_norm_fwd_kernel
45032116997,1984,7,copy / cast,"void at::native::elementwise_kernel<(int)128, (int)4, void at::native::gpu_kernel_impl_nocast<at::native::direct_copy_kernel_cuda(at::Ten...",2,45032214373,22208,7,GEMM / cuBLAS / CUTLASS,ampere_bf16_s16816gemm_bf16_64x64_ldg8_f2f_stages_64x5_tn
45032237157,1120,7,copy / cast,[CUDA memcpy Device-to-Device],-2,45032173477,1888,7,norm / reduce,layer_norm_fwd_kernel
45032237157,1120,7,copy / cast,[CUDA memcpy Device-to-Device],-1,45032214373,22208,7,GEMM / cuBLAS / CUTLASS,ampere_bf16_s16816gemm_bf16_64x64_ldg8_f2f_stages_64x5_tn
45032237157,1120,7,copy / cast,[CUDA memcpy Device-to-Device],1,45032243717,2880,7,copy / cast,void at::native::unrolled_elementwise_kernel<at::native::direct_copy_kernel_cuda(at::TensorIteratorBase &)::[lambda() (instance 3)]::oper...
45032237157,1120,7,copy / cast,[CUDA memcpy Device-to-Device],2,45032253765,1024,7,elementwise,"void at::native::vectorized_elementwise_kernel<(int)4, at::native::CUDAFunctorOnSelf_add<float>, std::array<char *, (unsigned long)2>>(in..."
45032243717,2880,7,copy / cast,void at::native::unrolled_elementwise_kernel<at::native::direct_copy_kernel_cuda(at::TensorIteratorBase &)::[lambda() (instance 3)]::oper...,-2,45032214373,22208,7,GEMM / cuBLAS / CUTLASS,ampere_bf16_s16816gemm_bf16_64x64_ldg8_f2f_stages_64x5_tn
45032243717,2880,7,copy / cast,void at::native::unrolled_elementwise_kernel<at::native::direct_copy_kernel_cuda(at::TensorIteratorBase &)::[lambda() (instance 3)]::oper...,-1,45032237157,1120,7,copy / cast,[CUDA memcpy Device-to-Device]
45032243717,2880,7,copy / cast,void at::native::unrolled_elementwise_kernel<at::native::direct_copy_kernel_cuda(at::TensorIteratorBase &)::[lambda() (instance 3)]::oper...,1,45032253765,1024,7,elementwise,"void at::native::vectorized_elementwise_kernel<(int)4, at::native::CUDAFunctorOnSelf_add<float>, std::array<char *, (unsigned long)2>>(in..."
45032243717,2880,7,copy / cast,void at::native::unrolled_elementwise_kernel<at::native::direct_copy_kernel_cuda(at::TensorIteratorBase &)::[lambda() (instance 3)]::oper...,2,45032261253,1600,7,elementwise,"void at::native::vectorized_elementwise_kernel<(int)4, at::native::CUDAFunctor_add<c10::BFloat16>, std::array<char *, (unsigned long)3>>(..."
45032274725,2208,7,copy / cast,void at::native::unrolled_elementwise_kernel<at::native::direct_copy_kernel_cuda(at::TensorIteratorBase &)::[lambda() (instance 3)]::oper...,-2,45032253765,1024,7,elementwise,"void at::native::vectorized_elementwise_kernel<(int)4, at::native::CUDAFunctorOnSelf_add<float>, std::array<char *, (unsigned long)2>>(in..."
45032274725,2208,7,copy / cast,void at::native::unrolled_elementwise_kernel<at::native::direct_copy_kernel_cuda(at::TensorIteratorBase &)::[lambda() (instance 3)]::oper...,-1,45032261253,1600,7,elementwise,"void at::native::vectorized_elementwise_kernel<(int)4, at::native::CUDAFunctor_add<c10::BFloat16>, std::array<char *, (unsigned long)3>>(..."
45032274725,2208,7,copy / cast,void at::native::unrolled_elementwise_kernel<at::native::direct_copy_kernel_cuda(at::TensorIteratorBase &)::[lambda() (instance 3)]::oper...,1,45032282853,1344,7,norm / reduce,"void at::native::vectorized_elementwise_kernel<(int)4, void at::native::<unnamed>::pow_tensor_scalar_kernel_impl<float, float>(at::Tensor..."
45032274725,2208,7,copy / cast,void at::native::unrolled_elementwise_kernel<at::native::direct_copy_kernel_cuda(at::TensorIteratorBase &)::[lambda() (instance 3)]::oper...,2,45032293573,4448,7,norm / reduce,"void at::native::reduce_kernel<(int)512, (int)1, at::native::ReduceOp<float, at::native::MeanOps<float, float, float, float>, unsigned in..."
45032328741,1280,7,copy / cast,"void at::native::vectorized_elementwise_kernel<(int)4, at::native::bfloat16_copy_kernel_cuda(at::TensorIteratorBase &)::[lambda(float) (i...",-2,45032315205,1920,7,other,"void at::native::elementwise_kernel<(int)128, (int)2, void at::native::gpu_kernel_impl_nocast<at::native::BinaryFunctor<float, float, flo..."
45032328741,1280,7,copy / cast,"void at::native::vectorized_elementwise_kernel<(int)4, at::native::bfloat16_copy_kernel_cuda(at::TensorIteratorBase &)::[lambda(float) (i...",-1,45032322181,1952,7,other,"void at::native::elementwise_kernel<(int)128, (int)2, void at::native::gpu_kernel_impl_nocast<at::native::BinaryFunctor<float, float, flo..."
45032328741,1280,7,copy / cast,"void at::native::vectorized_elementwise_kernel<(int)4, at::native::bfloat16_copy_kernel_cuda(at::TensorIteratorBase &)::[lambda(float) (i...",1,45032355109,154751,7,GEMM / cuBLAS / CUTLASS,ampere_bf16_s16816gemm_bf16_128x64_ldg8_f2f_stages_32x6_tn
45032328741,1280,7,copy / cast,"void at::native::vectorized_elementwise_kernel<(int)4, at::native::bfloat16_copy_kernel_cuda(at::TensorIteratorBase &)::[lambda(float) (i...",2,45032510436,3040,7,activation / SwiGLU,"void vllm::act_and_mul_kernel<c10::BFloat16, __nv_bfloat162, &vllm::silu_kernel<c10::BFloat16>, &vllm::packed_silu_kernel<__nv_bfloat162>..."
45032578628,2528,7,copy / cast,void at::native::unrolled_elementwise_kernel<at::native::direct_copy_kernel_cuda(at::TensorIteratorBase &)::[lambda() (instance 3)]::oper...,-2,45032510436,3040,7,activation / SwiGLU,"void vllm::act_and_mul_kernel<c10::BFloat16, __nv_bfloat162, &vllm::silu_kernel<c10::BFloat16>, &vllm::packed_silu_kernel<__nv_bfloat162>..."
45032578628,2528,7,copy / cast,void at::native::unrolled_elementwise_kernel<at::native::direct_copy_kernel_cuda(at::TensorIteratorBase &)::[lambda() (instance 3)]::oper...,-1,45032514116,63904,7,GEMM / cuBLAS / CUTLASS,ampere_bf16_s16816gemm_bf16_64x64_ldg8_f2f_stages_64x5_tn
45032578628,2528,7,copy / cast,void at::native::unrolled_elementwise_kernel<at::native::direct_copy_kernel_cuda(at::TensorIteratorBase &)::[lambda() (instance 3)]::oper...,1,45032581796,992,7,elementwise,"void at::native::vectorized_elementwise_kernel<(int)4, at::native::CUDAFunctorOnSelf_add<float>, std::array<char *, (unsigned long)2>>(in..."
45032578628,2528,7,copy / cast,void at::native::unrolled_elementwise_kernel<at::native::direct_copy_kernel_cuda(at::TensorIteratorBase &)::[lambda() (instance 3)]::oper...,2,45032583332,1568,7,elementwise,"void at::native::vectorized_elementwise_kernel<(int)4, at::native::CUDAFunctor_add<c10::BFloat16>, std::array<char *, (unsigned long)3>>(..."
45032585572,2016,7,copy / cast,void at::native::unrolled_elementwise_kernel<at::native::direct_copy_kernel_cuda(at::TensorIteratorBase &)::[lambda() (instance 3)]::oper...,-2,45032581796,992,7,elementwise,"void at::native::vectorized_elementwise_kernel<(int)4, at::native::CUDAFunctorOnSelf_add<float>, std::array<char *, (unsigned long)2>>(in..."
45032585572,2016,7,copy / cast,void at::native::unrolled_elementwise_kernel<at::native::direct_copy_kernel_cuda(at::TensorIteratorBase &)::[lambda() (instance 3)]::oper...,-1,45032583332,1568,7,elementwise,"void at::native::vectorized_elementwise_kernel<(int)4, at::native::CUDAFunctor_add<c10::BFloat16>, std::array<char *, (unsigned long)3>>(..."
45032585572,2016,7,copy / cast,void at::native::unrolled_elementwise_kernel<at::native::direct_copy_kernel_cuda(at::TensorIteratorBase &)::[lambda() (instance 3)]::oper...,1,45032588132,1280,7,norm / reduce,"void at::native::vectorized_elementwise_kernel<(int)4, void at::native::<unnamed>::pow_tensor_scalar_kernel_impl<float, float>(at::Tensor..."
45032585572,2016,7,copy / cast,void at::native::unrolled_elementwise_kernel<at::native::direct_copy_kernel_cuda(at::TensorIteratorBase &)::[lambda() (instance 3)]::oper...,2,45032589988,4288,7,norm / reduce,"void at::native::reduce_kernel<(int)512, (int)1, at::native::ReduceOp<float, at::native::MeanOps<float, float, float, float>, unsigned in..."
45032603396,1280,7,copy / cast,"void at::native::vectorized_elementwise_kernel<(int)4, at::native::bfloat16_copy_kernel_cuda(at::TensorIteratorBase &)::[lambda(float) (i...",-2,45032598404,1984,7,other,"void at::native::elementwise_kernel<(int)128, (int)2, void at::native::gpu_kernel_impl_nocast<at::native::BinaryFunctor<float, float, flo..."
45032603396,1280,7,copy / cast,"void at::native::vectorized_elementwise_kernel<(int)4, at::native::bfloat16_copy_kernel_cuda(at::TensorIteratorBase &)::[lambda(float) (i...",-1,45032600964,1888,7,other,"void at::native::elementwise_kernel<(int)128, (int)2, void at::native::gpu_kernel_impl_nocast<at::native::BinaryFunctor<float, float, flo..."
45032603396,1280,7,copy / cast,"void at::native::vectorized_elementwise_kernel<(int)4, at::native::bfloat16_copy_kernel_cuda(at::TensorIteratorBase &)::[lambda(float) (i...",1,45032605220,89792,7,GEMM / cuBLAS / CUTLASS,ampere_bf16_s16816gemm_bf16_128x64_ldg8_f2f_stages_32x6_tn
45032603396,1280,7,copy / cast,"void at::native::vectorized_elementwise_kernel<(int)4, at::native::bfloat16_copy_kernel_cuda(at::TensorIteratorBase &)::[lambda(float) (i...",2,45032695620,3168,7,GEMM / cuBLAS / CUTLASS,void cutlass::Kernel2<cutlass_80_wmma_tensorop_bf16_s161616gemm_bf16_32x32_128x2_tn_align8>(T1::Params)
45032701668,1984,7,copy / cast,"void at::native::elementwise_kernel<(int)128, (int)4, void at::native::gpu_kernel_impl_nocast<at::native::direct_copy_kernel_cuda(at::Ten...",-2,45032695620,3168,7,GEMM / cuBLAS / CUTLASS,void cutlass::Kernel2<cutlass_80_wmma_tensorop_bf16_s161616gemm_bf16_32x32_128x2_tn_align8>(T1::Params)
45032701668,1984,7,copy / cast,"void at::native::elementwise_kernel<(int)128, (int)4, void at::native::gpu_kernel_impl_nocast<at::native::direct_copy_kernel_cuda(at::Ten...",-1,45032699332,1696,7,GEMM / cuBLAS / CUTLASS,"void cublasLt::splitKreduce_kernel<(int)32, (int)16, int, __nv_bfloat16, __nv_bfloat16, float, __nv_bfloat16, (bool)0, __nv_bfloat16, __n..."
45032701668,1984,7,copy / cast,"void at::native::elementwise_kernel<(int)128, (int)4, void at::native::gpu_kernel_impl_nocast<at::native::direct_copy_kernel_cuda(at::Ten...",1,45032704260,1728,7,copy / cast,"void at::native::elementwise_kernel<(int)128, (int)4, void at::native::gpu_kernel_impl_nocast<at::native::direct_copy_kernel_cuda(at::Ten..."
45032701668,1984,7,copy / cast,"void at::native::elementwise_kernel<(int)128, (int)4, void at::native::gpu_kernel_impl_nocast<at::native::direct_copy_kernel_cuda(at::Ten...",2,45032706564,928,7,fill,"void at::native::vectorized_elementwise_kernel<(int)4, at::native::FillFunctor<c10::BFloat16>, std::array<char *, (unsigned long)1>>(int,..."
45032704260,1728,7,copy / cast,"void at::native::elementwise_kernel<(int)128, (int)4, void at::native::gpu_kernel_impl_nocast<at::native::direct_copy_kernel_cuda(at::Ten...",-2,45032699332,1696,7,GEMM / cuBLAS / CUTLASS,"void cublasLt::splitKreduce_kernel<(int)32, (int)16, int, __nv_bfloat16, __nv_bfloat16, float, __nv_bfloat16, (bool)0, __nv_bfloat16, __n..."
45032704260,1728,7,copy / cast,"void at::native::elementwise_kernel<(int)128, (int)4, void at::native::gpu_kernel_impl_nocast<at::native::direct_copy_kernel_cuda(at::Ten...",-1,45032701668,1984,7,copy / cast,"void at::native::elementwise_kernel<(int)128, (int)4, void at::native::gpu_kernel_impl_nocast<at::native::direct_copy_kernel_cuda(at::Ten..."
45032704260,1728,7,copy / cast,"void at::native::elementwise_kernel<(int)128, (int)4, void at::native::gpu_kernel_impl_nocast<at::native::direct_copy_kernel_cuda(at::Ten...",1,45032706564,928,7,fill,"void at::native::vectorized_elementwise_kernel<(int)4, at::native::FillFunctor<c10::BFloat16>, std::array<char *, (unsigned long)1>>(int,..."
45032704260,1728,7,copy / cast,"void at::native::elementwise_kernel<(int)128, (int)4, void at::native::gpu_kernel_impl_nocast<at::native::direct_copy_kernel_cuda(at::Ten...",2,45032708100,4000,7,other,_causal_conv1d_fwd_kernel
45032724004,1376,7,copy / cast,void at::native::unrolled_elementwise_kernel<at::native::direct_copy_kernel_cuda(at::TensorIteratorBase &)::[lambda() (instance 3)]::oper...,-2,45032708100,4000,7,other,_causal_conv1d_fwd_kernel
45032724004,1376,7,copy / cast,void at::native::unrolled_elementwise_kernel<at::native::direct_copy_kernel_cuda(at::TensorIteratorBase &)::[lambda() (instance 3)]::oper...,-1,45032712772,2048,7,other,_fused_post_conv_kernel
45032724004,1376,7,copy / cast,void at::native::unrolled_elementwise_kernel<at::native::direct_copy_kernel_cuda(at::TensorIteratorBase &)::[lambda() (instance 3)]::oper...,1,45032734948,5536,7,other,"void at::native::index_elementwise_kernel<(int)128, (int)4, void at::native::gpu_index_kernel<void at::native::index_kernel_impl<at::nati..."
45032724004,1376,7,copy / cast,void at::native::unrolled_elementwise_kernel<at::native::direct_copy_kernel_cuda(at::TensorIteratorBase &)::[lambda() (instance 3)]::oper...,2,45032744100,1120,7,elementwise,"void at::native::vectorized_elementwise_kernel<(int)4, at::native::bitwise_not_kernel_cuda(at::TensorIteratorBase &)::[lambda(bool) (inst..."
45033064291,1248,7,copy / cast,void at::native::unrolled_elementwise_kernel<at::native::direct_copy_kernel_cuda(at::TensorIteratorBase &)::[lambda() (instance 3)]::oper...,-2,45032999651,5888,7,Qwen hybrid / state-space,chunk_gated_delta_rule_fwd_kernel_h_blockdim64
45033064291,1248,7,copy / cast,void at::native::unrolled_elementwise_kernel<at::native::direct_copy_kernel_cuda(at::TensorIteratorBase &)::[lambda() (instance 3)]::oper...,-1,45033035395,5408,7,Qwen hybrid / state-space,chunk_fwd_kernel_o
45033064291,1248,7,copy / cast,void at::native::unrolled_elementwise_kernel<at::native::direct_copy_kernel_cuda(at::TensorIteratorBase &)::[lambda() (instance 3)]::oper...,1,45033071875,4224,7,other,"void at::native::index_elementwise_kernel<(int)128, (int)4, void at::native::gpu_index_kernel<void at::native::index_put_kernel_impl<at::..."
45033064291,1248,7,copy / cast,void at::native::unrolled_elementwise_kernel<at::native::direct_copy_kernel_cuda(at::TensorIteratorBase &)::[lambda() (instance 3)]::oper...,2,45033084867,1152,7,copy / cast,[CUDA memcpy Device-to-Device]
45033084867,1152,7,copy / cast,[CUDA memcpy Device-to-Device],-2,45033064291,1248,7,copy / cast,void at::native::unrolled_elementwise_kernel<at::native::direct_copy_kernel_cuda(at::TensorIteratorBase &)::[lambda() (instance 3)]::oper...
45033084867,1152,7,copy / cast,[CUDA memcpy Device-to-Device],-1,45033071875,4224,7,other,"void at::native::index_elementwise_kernel<(int)128, (int)4, void at::native::gpu_index_kernel<void at::native::index_put_kernel_impl<at::..."
45033084867,1152,7,copy / cast,[CUDA memcpy Device-to-Device],1,45033103267,1952,7,copy / cast,"void at::native::elementwise_kernel<(int)128, (int)4, void at::native::gpu_kernel_impl_nocast<at::native::direct_copy_kernel_cuda(at::Ten..."
45033084867,1152,7,copy / cast,[CUDA memcpy Device-to-Device],2,45033156675,1856,7,norm / reduce,layer_norm_fwd_kernel
45033103267,1952,7,copy / cast,"void at::native::elementwise_kernel<(int)128, (int)4, void at::native::gpu_kernel_impl_nocast<at::native::direct_copy_kernel_cuda(at::Ten...",-2,45033071875,4224,7,other,"void at::native::index_elementwise_kernel<(int)128, (int)4, void at::native::gpu_index_kernel<void at::native::index_put_kernel_impl<at::..."
45033103267,1952,7,copy / cast,"void at::native::elementwise_kernel<(int)128, (int)4, void at::native::gpu_kernel_impl_nocast<at::native::direct_copy_kernel_cuda(at::Ten...",-1,45033084867,1152,7,copy / cast,[CUDA memcpy Device-to-Device]
45033103267,1952,7,copy / cast,"void at::native::elementwise_kernel<(int)128, (int)4, void at::native::gpu_kernel_impl_nocast<at::native::direct_copy_kernel_cuda(at::Ten...",1,45033156675,1856,7,norm / reduce,layer_norm_fwd_kernel
45033103267,1952,7,copy / cast,"void at::native::elementwise_kernel<(int)128, (int)4, void at::native::gpu_kernel_impl_nocast<at::native::direct_copy_kernel_cuda(at::Ten...",2,45033194627,22240,7,GEMM / cuBLAS / CUTLASS,ampere_bf16_s16816gemm_bf16_64x64_ldg8_f2f_stages_64x5_tn
45033217507,1120,7,copy / cast,[CUDA memcpy Device-to-Device],-2,45033156675,1856,7,norm / reduce,layer_norm_fwd_kernel
45033217507,1120,7,copy / cast,[CUDA memcpy Device-to-Device],-1,45033194627,22240,7,GEMM / cuBLAS / CUTLASS,ampere_bf16_s16816gemm_bf16_64x64_ldg8_f2f_stages_64x5_tn
45033217507,1120,7,copy / cast,[CUDA memcpy Device-to-Device],1,45033224899,2784,7,copy / cast,void at::native::unrolled_elementwise_kernel<at::native::direct_copy_kernel_cuda(at::TensorIteratorBase &)::[lambda() (instance 3)]::oper...
45033217507,1120,7,copy / cast,[CUDA memcpy Device-to-Device],2,45033234211,1024,7,elementwise,"void at::native::vectorized_elementwise_kernel<(int)4, at::native::CUDAFunctorOnSelf_add<float>, std::array<char *, (unsigned long)2>>(in..."
